{
  "playwright.config.js": 1772396650.2046542,
  "vitest.config.mjs": 1771191930.7288976,
  "tests/unit/modifiers.test.js": 1775415395.597194,
  "tests/unit/petalis-noise-rack-modifiers.test.js": 1772375709.5757275,
  "tests/unit/petalis-profile-transition.test.js": 1771267695.8879468,
  "tests/unit/rings-noise-modes.test.js": 1772321947.3260698,
  "tests/unit/pattern-seam-removal.test.js": 1776601856.8965166,
  "tests/unit/lissajous-close-lines.test.js": 1776024215.0279756,
  "tests/unit/wavetable-horizon-depth.test.js": 1773612002.500483,
  "tests/unit/topo-closure.test.js": 1771190650.8184702,
  "tests/unit/geometry-optimization-utils.test.js": 1771774522.9691896,
  "tests/unit/pattern-fill-boundaries.test.js": 1776604793.6050284,
  "tests/unit/document-units-preferences.test.js": 1776044601.8561175,
  "tests/unit/random-in-range.test.js": 1771774522.969317,
  "tests/unit/rng-noise.test.js": 1771180209.7597272,
  "tests/unit/randomization-bias.test.js": 1771267364.9044116,
  "tests/unit/petal-designer-selection.test.js": 1772376323.3959959,
  "tests/unit/mask-preview.test.js": 1775413923.412973,
  "tests/unit/modifier-guide-bounds.test.js": 1775514486.5097265,
  "tests/unit/algorithms-determinism.test.js": 1771267372.9900064,
  "tests/unit/security_xss.test.js": 1771775224.8589973,
  "tests/unit/masking.test.js": 1776020437.2747123,
  "tests/unit/crop-exports-settings.test.js": 1771775356.718796,
  "tests/unit/shape-tools.test.js": 1775415101.6676993,
  "tests/integration/export-hidden-geometry.test.js": 1775416147.9155989,
  "tests/integration/ui-bootstrap-panels.test.js": 1776551660.8730705,
  "tests/integration/engine-workflow.test.js": 1776540673.4679947,
  "tests/integration/export-hard-crop.test.js": 1771777083.8744273,
  "tests/integration/undo-redo-layer-structure.test.js": 1776022156.3274884,
  "tests/integration/export-determinism.test.js": 1771180209.7590244,
  "tests/integration/mask-preview.test.js": 1775413938.7684948,
  "tests/integration/modifier-workflow.test.js": 1775415263.8333669,
  "tests/integration/algorithm-switching.test.js": 1775514456.0369854,
  "tests/integration/export-edge-cases.test.js": 1775514573.0192497,
  "tests/integration/export-sanitization.test.js": 1771775406.130457,
  "tests/visual/svg-baseline.test.js": 1775415444.2318153,
  "tests/e2e/visual.spec.js": 1776044940.1920414,
  "tests/e2e/smoke.spec.js": 1776606991.8499002,
  "tests/perf/stress.test.js": 1771180209.7591758,
  "tests/helpers/vitest.setup.js": 1771180209.7571182,
  "tests/helpers/svg.js": 1771180209.7569609,
  "tests/helpers/load-vectura-runtime.js": 1771792257.9657757,
  "tests/helpers/path-signature.js": 1771180209.7568023,
  "scripts/patch-vitest-unicode.js": 1772318983.1979604,
  "scripts/benchmark_clone.js": 1771774522.9672227,
  "scripts/build-petal-profile-library.js": 1771273733.8017433,
  "scripts/sync-version.js": 1772315552.579724,
  "src/main.js": 1771182412.7985637,
  "src/ui/ui.js": 1776607572.9499862,
  "src/ui/randomization-utils.js": 1772320206.4216158,
  "src/core/rng.js": 1771182412.7983487,
  "src/core/masking.js": 1776020418.9329143,
  "src/core/path-boolean.js": 1775410426.9159052,
  "src/core/geometry-utils.js": 1775424217.95514,
  "src/core/modifiers.js": 1776601856.893962,
  "src/core/optimization-utils.js": 1772392019.078216,
  "src/core/noise-rack.js": 1776038518.206214,
  "src/core/engine.js": 1776601856.893805,
  "src/core/layer.js": 1775417177.1524324,
  "src/core/noise.js": 1771182412.7981267,
  "src/core/algorithms/rainfall.js": 1772320241.509291,
  "src/core/algorithms/wavetable.js": 1775410426.9164758,
  "src/core/algorithms/pattern.js": 1776626916.036205,
  "src/core/algorithms/grid.js": 1772320277.2525566,
  "src/core/algorithms/flowfield.js": 1772320277.2522492,
  "src/core/algorithms/phylla.js": 1772320277.252652,
  "src/core/algorithms/index.js": 1771272093.167282,
  "src/core/algorithms/harmonograph.js": 1771190349.3556435,
  "src/core/algorithms/petalis.js": 1772319211.3379343,
  "src/core/algorithms/hyphae.js": 1771182412.7946634,
  "src/core/algorithms/rings.js": 1772321869.0351303,
  "src/core/algorithms/topo.js": 1772320265.6569796,
  "src/core/algorithms/boids.js": 1775424228.0437288,
  "src/core/algorithms/spiral.js": 1772320228.461799,
  "src/core/algorithms/shapepack.js": 1771182412.7966845,
  "src/core/algorithms/lissajous.js": 1776024199.1696076,
  "src/core/algorithms/attractor.js": 1775514068.2501657,
  "src/core/algorithms/petalisdesigner.js": 1771272086.6575253,
  "src/app/app.js": 1776042773.539822,
  "src/config/palettes.js": 1771182412.792835,
  "src/config/machines.js": 1771182412.7924473,
  "src/config/presets.js": 1771267626.013535,
  "src/config/ui-constants.js": 1776601763.3286014,
  "src/config/patterns.js": 1776032179.9783638,
  "src/config/version.js": 1772414767.5061529,
  "src/config/modifiers.js": 1775394866.172234,
  "src/config/descriptions.js": 1773611256.279819,
  "src/config/defaults.js": 1776604188.1209514,
  "src/config/petal-profiles/library.js": 1771273764.4008434,
  "src/render/renderer.js": 1776552910.958394,
  "requirements.md": 1770588621.0203505,
  "plans.md": 1776604268.0838614,
  "index.html": 1776601856.8929956,
  "CHANGELOG.md": 1776604262.1696494,
  "README.md": 1776601856.8927977,
  "AGENTS.md": 1772319511.3963213,
  "CLAUDE.md": 1776606018.6082313,
  "docs/pre-release-hardening-log.md": 1771775972.9496293,
  "docs/github-governance.md": 1772315662.7199461,
  "docs/agentic-harness-strategy.md": 1772319499.2624629,
  "docs/testing.md": 1772319495.4508266,
  "docs/noise-rack-architecture.md": 1772319504.815983,
  "examples/petalis-reference-images.md": 1770762868.814879,
  "examples/README.md": 1770589408.7469316,
  "src/config/petal-profiles/README.md": 1771273754.108527,
  "tests/baselines/svg/rainfall-canonical.svg": 1776521456.1950579,
  "tests/baselines/svg/masking-horizon-rings.svg": 1776521456.3330195,
  "tests/baselines/svg/flowfield-canonical.svg": 1776521456.1509767,
  "tests/baselines/svg/mirrored-masked-circles.svg": 1776521456.3600779,
  "tests/baselines/svg/petalis-canonical.svg": 1776521456.1901522,
  "tests/baselines/svg/wavetable-horizon-3d-canonical.svg": 1776521456.2924652,
  "tests/baselines/svg/shape-pack-canonical.svg": 1776521456.3041854,
  "tests/baselines/svg/lissajous-canonical.svg": 1776521456.1518483,
  "tests/baselines/svg/wavetable-horizon-canonical.svg": 1776521456.2541747,
  "tests/e2e/visual.spec.js-snapshots/primitive-shape-creation-canvas-desktop-visual-chromium-darwin.png": 1775415541.5727584,
  "tests/e2e/visual.spec.js-snapshots/main-shell-desktop-visual-chromium-darwin.png": 1775415535.8736475,
  "tests/e2e/visual.spec.js-snapshots/masking-horizon-rings-canvas-desktop-visual-chromium-darwin.png": 1775415537.5066886,
  "tests/e2e/visual.spec.js-snapshots/document-dimensions-canvas-desktop-visual-chromium-darwin.png": 1776044947.7680974,
  "tests/e2e/visual.spec.js-snapshots/mirrored-masked-circles-canvas-desktop-visual-chromium-darwin.png": 1775415540.5756586,
  "tests/e2e/visual.spec.js-snapshots/oval-mask-parent-wavetable-canvas-desktop-visual-chromium-darwin.png": 1775415539.6082451,
  "tests/e2e/visual.spec.js-snapshots/rotated-polygon-selection-canvas-desktop-visual-chromium-darwin.png": 1775415542.5754948,
  "tests/e2e/visual.spec.js-snapshots/broken-masking-canvas-desktop-visual-chromium-darwin.png": 1775415538.624761,
  "tests/e2e/visual.spec.js-snapshots/rotated-rectangle-selection-canvas-desktop-visual-chromium-darwin.png": 1775415543.5788038,
  "assets/gallery/boids-sample.svg": 1769898036.5345945,
  "assets/gallery/flowfield-sample.svg": 1769898025.5683389,
  "assets/gallery/attractor-sample.svg": 1769898047.1669781,
  "src/inspiration/radial-branching-rings.png": 1769901820.7584982,
  "src/inspiration/contour-dune-ridge.png": 1769901820.79458,
  "src/inspiration/contour-canyon-terraces.png": 1769901820.79883,
  "src/inspiration/flowing-ribbon-streamlines.png": 1769901820.77059,