{
  "type": "vectura-petal-profile",
  "version": 1,
  "id": "inner-spoon",
  "name": "Inner Spoon",
  "target": "inner",
  "inner": {
    "profile": "spoon",
    "anchors": [
      {
        "t": 0,
        "w": 0,
        "in": {
          "t": -0.09407999999999998,
          "w": 0
        },
        "out": {
          "t": 0.1344,
          "w": 0.0172
        }
      },
      {
        "t": 0.32,
        "w": 0.3096,
        "in": {
          "t": 0.2304,
          "w": 0.3096
        },
        "out": {
          "t": 0.4696,
          "w": 0.3096
        }
      },
      {
        "t": 0.76,
        "w": 0.9288000000000001,
        "in": {
          "t": 0.6192,
          "w": 0.9288000000000001
        },
        "out": {
          "t": 0.8512,
          "w": 0.9288000000000001
        }
      },
      {
        "t": 1,
        "w": 0,
        "in": {
          "t": 0.9088,
          "w": 0.17200000000000001
        },
        "out": {
          "t": 1.06384,
          "w": 0
        }
      }
    ]
  }
}
