{
  "type": "vectura-petal-profile",
  "version": 1,
  "id": "oval",
  "name": "Oval",
  "created": "2026-02-16T20:04:29.450Z",
  "inner": {
    "profile": "teardrop",
    "anchors": [
      {
        "t": 0,
        "w": 0,
        "in": {
          "t": 0,
          "w": -0.43466983186107644
        },
        "out": {
          "t": 0,
          "w": 0.43466983186107644
        }
      },
      {
        "t": 0.5262797451927109,
        "w": 0.8395290942321048,
        "in": {
          "t": 0.24072793948312676,
          "w": 0.8395290942321048
        },
        "out": {
          "t": 0.8118315509022951,
          "w": 0.8395290942321048
        }
      },
      {
        "t": 1,
        "w": 0,
        "in": {
          "t": 1,
          "w": 0.4232818752862974
        },
        "out": {
          "t": 1,
          "w": -0.4232818752862974
        }
      }
    ]
  },
  "target": "inner"
}