{
  "type": "vectura-petal-profile",
  "version": 1,
  "id": "rounded",
  "name": "Rounded",
  "created": "2026-02-16T20:32:21.814Z",
  "inner": {
    "profile": "teardrop",
    "anchors": [
      {
        "t": 0,
        "w": 0,
        "in": {
          "t": 0.016235802602674033,
          "w": -0.5169913989662401
        },
        "out": {
          "t": -0.016235802602674033,
          "w": 0.5169913989662401
        }
      },
      {
        "t": 0.50787622769007,
        "w": 0.9246767295835052,
        "in": {
          "t": 0.2608034888535304,
          "w": 0.925581863495682
        },
        "out": {
          "t": 0.7549489665266096,
          "w": 0.9237715956713285
        }
      },
      {
        "t": 1,
        "w": 0,
        "in": {
          "t": 1.004706589057432,
          "w": 0.5143996546723059
        },
        "out": {
          "t": 0.995293410942568,
          "w": -0.5143996546723059
        }
      }
    ]
  },
  "target": "inner"
}