{
  "type": "vectura-petal-profile",
  "version": 1,
  "id": "rounded",
  "name": "Rounded",
  "created": "2026-02-16T20:17:43.176Z",
  "inner": {
    "profile": "rounded",
    "anchors": [
      {
        "t": 0,
        "w": 0,
        "in": {
          "t": 0,
          "w": -0.3841501967858139
        },
        "out": {
          "t": 0,
          "w": 0.3841501967858139
        }
      },
      {
        "t": 0.45704507896559327,
        "w": 1.108808776732177,
        "in": {
          "t": 0.14155807911244428,
          "w": 1.108808776732177
        },
        "out": {
          "t": 0.7725320788187422,
          "w": 1.108808776732177
        }
      },
      {
        "t": 1,
        "w": 0,
        "in": {
          "t": 1,
          "w": 0.46749567013775
        },
        "out": {
          "t": 1,
          "w": -0.46749567013775
        }
      }
    ]
  },
  "target": "inner"
}